E-Mail-Adresse;Passwort
;Ox1avD2f
angele.edgecumbe@edu.tbz.ch;k5KlZ6sv
zhi.andreasson@edu.tbz.ch;uCDzjTBG
judicael.koppeck@edu.tbz.ch;CW5yXS94
berengere.capron@edu.tbz.ch;WTUXilf1
leonie.brosini@edu.tbz.ch;gkGQgYZy
venus.garfit@edu.tbz.ch;Y6HtWboY
melina.janota@edu.tbz.ch;xi4gfz5h
laurene.bake@edu.tbz.ch;uAnFOyTk
regine.dorkins@edu.tbz.ch;7rvr7Y8f
cecile.moffet@edu.tbz.ch;VuJSCeTF
maelann.labrone@edu.tbz.ch;asgYtl1s
melinda.newbold@edu.tbz.ch;fBELexmK
mans.itzhak@edu.tbz.ch;ugD3GrgB
melodie.pattlel@edu.tbz.ch;AIZrUSNu
celine.bonett@edu.tbz.ch;isFmKaRP
adelie.mcgreal@edu.tbz.ch;q6YgFHgM
helene.soldan@edu.tbz.ch;cIbaPvIb
michele.cluer@edu.tbz.ch;ZYPNlrmc
maeline.mueller@edu.tbz.ch;PU0FIse6
maelann.benedito@edu.tbz.ch;ZnUkE0Qm
nuo.gransden@edu.tbz.ch;OvxGCRJU
berengere.stainton@edu.tbz.ch;yk1S7mSQ
wa.sabater@edu.tbz.ch;lzRjSZNK
anais.cochran@edu.tbz.ch;IudmWw2u
gerald.bessant@edu.tbz.ch;jVySvJEk
ruo.coffin@edu.tbz.ch;dUozp6p6
melodie.mustill@edu.tbz.ch;gBrFljwF
ruo.stanesby@edu.tbz.ch;k4uM2gFw
noemie.antognelli@edu.tbz.ch;TqA14Hi0
maelann.hughson@edu.tbz.ch;hbs6g3xN
milena.mieville@edu.tbz.ch;3a7IhPGV
mailys.chamberlin@edu.tbz.ch;EMlyoLTQ
nadege.tomalin@edu.tbz.ch;lapqxuiZ
;iQW32EXB
cecile.aguirrezabala@edu.tbz.ch;LSNMtTCo
maella.gwillim@edu.tbz.ch;qVtOxIuO
lea.mcgahey@edu.tbz.ch;SHJXIlrP
laurene.hagerty@edu.tbz.ch;KNja30yN
dorothee.link@edu.tbz.ch;TUbJy9aX
clementine.kynsey@edu.tbz.ch;hvVs6rnm
lorene.smitherman@edu.tbz.ch;aEmEPt4u
cleopatre.klulicek@edu.tbz.ch;g9K5z9jA
laurene.castaneda@edu.tbz.ch;MKk54ixR
melia.constant@edu.tbz.ch;Ddw8wF8k
lucrece.clunie@edu.tbz.ch;qjdgCDWe
eleonore.mcmurthy@edu.tbz.ch;acNS5YBp
melia.bevar@edu.tbz.ch;Cg1QuSwy
camelia.bontine@edu.tbz.ch;LDakSV0s
methode.jozefczak@edu.tbz.ch;P3PaHUuA
audreanne.hinsche@edu.tbz.ch;ga3eDfug
andree.varne@edu.tbz.ch;qrX5yGlx
marten.kinleyside@edu.tbz.ch;sTNE7f2Z
esteve.mcewan@edu.tbz.ch;x4C4GiYd
leane.dibbert@edu.tbz.ch;LMeh4tyD
ma.thewlis@edu.tbz.ch;RJmyceqY
clea.djurkovic@edu.tbz.ch;8nTXcVja
rachele.reburn@edu.tbz.ch;6pV2GkyO
gerald.gowling@edu.tbz.ch;NzoP4Ykj
cleopatre.jackson@edu.tbz.ch;PMBOSNDJ
desiree.haskins@edu.tbz.ch;W19jWFFv
eleonore.longson@edu.tbz.ch;t49GYjoh
leane.dybell@edu.tbz.ch;piq3dOZs
becassine.grzesiak@edu.tbz.ch;r45zQPtd
marie-josee.pickin@edu.tbz.ch;Z7AcMoCn
marie-josee.roxby@edu.tbz.ch;VIqLsVMH
leonie.feenan@edu.tbz.ch;0dZpcnWN
valerie.ellum@edu.tbz.ch;DgdjAseZ
ju.caseri@edu.tbz.ch;JgLag9rt
boerje.strangman@edu.tbz.ch;5tF5XS0c
beatrice.ghidelli@edu.tbz.ch;KZzOZXKK
da.jablonski@edu.tbz.ch;xEpHbaK4
uo.beveridge@edu.tbz.ch;uAthC1Pw
valerie.bestman@edu.tbz.ch;KtxDgLeI
marlene.pohls@edu.tbz.ch;gw4YeCqr
ma.nolda@edu.tbz.ch;TwQk4IyR
marlene.bisiker@edu.tbz.ch;K6sjyXMN
estee.babon@edu.tbz.ch;JPM86rwT
simplifies.dmisek@edu.tbz.ch;1on3Wn1C
selene.ganing@edu.tbz.ch;eyW13Z61
meryl.penke@edu.tbz.ch;exy4PKWr
anais.rawcliff@edu.tbz.ch;uekQGEhe
melina.andri@edu.tbz.ch;lOwRZKgl
audreanne.fodden@edu.tbz.ch;FVlvBhUz
bjoern.spellesy@edu.tbz.ch;g875jW0E
francoise.summerscales@edu.tbz.ch;VUtp5vnw
laurene.ashtonhurst@edu.tbz.ch;Lf67f29q
valerie.petters@edu.tbz.ch;qhhmkY6p
anael.spenclay@edu.tbz.ch;MFqqkPjk
stephanie.keech@edu.tbz.ch;9hlf9CSd
ines.deveril@edu.tbz.ch;KDkrDsIt
berenice.gelder@edu.tbz.ch;9T3NoJws
;FMAl5HEV
frederique.canepe@edu.tbz.ch;C9zQq6mF
nuo.otton@edu.tbz.ch;ZK3K0aPg
genevieve.trusler@edu.tbz.ch;bRm3GCMg
ju.boag@edu.tbz.ch;CA0MhnVY
;8gHBwGKw
laurene.armsden@edu.tbz.ch;V7jwLdfW
becassine.griffe@edu.tbz.ch;9BT1118M
alois.parres@edu.tbz.ch;wJhDHSjO
cleopatre.gaffey@edu.tbz.ch;hxviMa6o
andre.stiger@edu.tbz.ch;RTj8yLQ0
beatrice.godleman@edu.tbz.ch;jgk9vXp0
hakan.harrhy@edu.tbz.ch;jIxy8yGF
celestine.dagnan@edu.tbz.ch;N23X7ikd
clemence.haggart@edu.tbz.ch;sAIjwxvq
long.caban@edu.tbz.ch;FrHhU6Fm
gaetane.grimble@edu.tbz.ch;GuM0HFZ6
maelann.piwall@edu.tbz.ch;fgaWKmYB
magdalene.loble@edu.tbz.ch;c4Kiwb4v
veronique.domaschke@edu.tbz.ch;M5zsfkv1
clea.herity@edu.tbz.ch;imMz8IQb
maelann.bambrough@edu.tbz.ch;yilPkKo6
clea.goulstone@edu.tbz.ch;r6Mb85Uh
;0eVojtLH
boerje.rudderham@edu.tbz.ch;jrDiRqnO
marylene.broune@edu.tbz.ch;8wP6iSAc
nadege.mccuish@edu.tbz.ch;eReE1iDg
anael.littleover@edu.tbz.ch;K1OSoUhe
lie.baume@edu.tbz.ch;GmEXOjrw
maella.murrow@edu.tbz.ch;USOHFu4i
cleopatre.pettifor@edu.tbz.ch;bUUaX1md
geraldine.asker@edu.tbz.ch;KHs8FaNW
gaetane.smedmore@edu.tbz.ch;W9ROeYNu
meryl.blencoe@edu.tbz.ch;sYX0cXLm
aurelie.chastaing@edu.tbz.ch;kKVCKZM6
oceanne.marthen@edu.tbz.ch;0sxyTcGy
dorothee.burrill@edu.tbz.ch;6xKEizDC
hakan.belden@edu.tbz.ch;31oUx8rC
celine.brunning@edu.tbz.ch;QZYxQubb
anael.lapides@edu.tbz.ch;KD90V8mY
ruo.saffran@edu.tbz.ch;eZupxGJc
loic.gerretsen@edu.tbz.ch;rAEFdFd1
rui.fitzer@edu.tbz.ch;0q2GtEWD
annotee.ogers@edu.tbz.ch;EBzVQvMe
boerje.bindin@edu.tbz.ch;dXhcHdLp
ma.cronchey@edu.tbz.ch;tPKNQUSD
laurelie.baiyle@edu.tbz.ch;3WlnWwJW
dorothee.older@edu.tbz.ch;HjbvZcS2
laurena.wile@edu.tbz.ch;t2rwJAi0
clemence.brito@edu.tbz.ch;G1Il7q4d
nadege.dallin@edu.tbz.ch;onxXUjW6
mailis.matley@edu.tbz.ch;NEj8k2bR
daniele.screaton@edu.tbz.ch;vvcprBMZ
mediamass.godly@edu.tbz.ch;6AISIXJc
leone.kremer@edu.tbz.ch;WFxIByxQ
asa.adrian@edu.tbz.ch;CS9DctdC
adele.doley@edu.tbz.ch;fbNFQ9Nq
fei.sidney@edu.tbz.ch;HMHjcncv
marie-josee.walisiak@edu.tbz.ch;IeqYYNZt
desiree.diplock@edu.tbz.ch;H1r96Js5
gisele.schust@edu.tbz.ch;JzWuqbcS
ma.longshaw@edu.tbz.ch;WRGSoaPV
da.boother@edu.tbz.ch;eLPSR0S7
simplifies.chaudhry@edu.tbz.ch;DdU9aDCJ
garcon.baniard@edu.tbz.ch;MxjGQURR
gaetane.elphee@edu.tbz.ch;J15b2WGu
gisele.hassey@edu.tbz.ch;Tca7AFkM
oceanne.booley@edu.tbz.ch;zJ8Xy8ly
orjan.dibden@edu.tbz.ch;bZlsqP1c
;WslDtEbU
selene.persse@edu.tbz.ch;UHG6eTOs
helena.adenot@edu.tbz.ch;dbZi7l5p
maelann.wassung@edu.tbz.ch;WX4YaL6b
frederique.ackermann@edu.tbz.ch;mvrnMaQL
audreanne.kahen@edu.tbz.ch;Zr5IWSFf
maiwenn.lasty@edu.tbz.ch;0S455EPZ
yu.dictus@edu.tbz.ch;D6oHNvAA
anae.dukes@edu.tbz.ch;hQMEfsWM
yenora.warr@edu.tbz.ch;UKleki1s
esbjoern.archibold@edu.tbz.ch;o8wixh9q
milena.pardal@edu.tbz.ch;clzxEZ4z
celestine.graveston@edu.tbz.ch;NXoFc4jw
maena.dallas@edu.tbz.ch;fWd7LN2r
andree.tuke@edu.tbz.ch;mNNlbupQ
methode.seldner@edu.tbz.ch;wi7a2UlH
venus.bullas@edu.tbz.ch;oQLME48b
mans.aguirrezabal@edu.tbz.ch;1ebyHSY3
gaelle.eadington@edu.tbz.ch;C7cKBXeh
anaelle.falkner@edu.tbz.ch;RzTe37rb
ophelie.height@edu.tbz.ch;toStUY4k
marten.bolding@edu.tbz.ch;LbCm4GbJ
pelagie.guswell@edu.tbz.ch;j9spI84b
gwenaelle.lecount@edu.tbz.ch;evH8x8Ml
hakan.laden@edu.tbz.ch;OmOH9faT
marie-josee.hylands@edu.tbz.ch;WGRrLJeZ
zoe.kingshott@edu.tbz.ch;wDFyuFq9
josee.janous@edu.tbz.ch;DkiSttVm
laurene.gallally@edu.tbz.ch;IYZemOPj
anael.bickle@edu.tbz.ch;dIjk72Qp
mediamass.lebbern@edu.tbz.ch;wIYIxv7v
berengere.hovy@edu.tbz.ch;Msjqki8j
orjan.kilmurray@edu.tbz.ch;C7poIjQp
asloeg.venny@edu.tbz.ch;Vs3b4iYi
marie-noel.stoad@edu.tbz.ch;ZIXOVSBY
hakan.pettifor@edu.tbz.ch;CM413ES2
maella.willgrass@edu.tbz.ch;0Hvg6cCX
therese.ludovici@edu.tbz.ch;QojnRqEm
stephanie.trewhitt@edu.tbz.ch;v57PGnFj
maerta.bauduccio@edu.tbz.ch;K2pT7Jht
gaetane.glaisner@edu.tbz.ch;bayxrvix
naeva.pargeter@edu.tbz.ch;HK1c9xp7
salome.venable@edu.tbz.ch;qq0rDNu9
boerje.thickett@edu.tbz.ch;i3eAzJKU
lucrece.prendergrass@edu.tbz.ch;Gkm3A5rP
laurene.ockleshaw@edu.tbz.ch;cHLVNfE6
cecilia.pasticznyk@edu.tbz.ch;SaOrBqAr
stevina.mackey@edu.tbz.ch;Fi1We4WI
marie-noel.reven@edu.tbz.ch;GU5v2P1u
melina.quilkin@edu.tbz.ch;gWu1DB2s
marie-noel.ferrie@edu.tbz.ch;TFzbceWE
leone.alphege@edu.tbz.ch;Y9dSXxzq
zoe.leverson@edu.tbz.ch;eEfESPBP
annotes.grayne@edu.tbz.ch;U9Wzp3So
faites.lalley@edu.tbz.ch;h8YHSyRT
adele.wallis@edu.tbz.ch;0mMIrisW
severine.madill@edu.tbz.ch;yry1A02H
valerie.tebb@edu.tbz.ch;CfMCorWU
kalliste.rasper@edu.tbz.ch;nFEDLHMk
audreanne.palomba@edu.tbz.ch;hNkZ5U0J
elea.adamik@edu.tbz.ch;jdRyYFHn
reserves.jakuszewski@edu.tbz.ch;c1eFdcFF
athena.belhomme@edu.tbz.ch;xdzIlmW4
rebecca.crippin@edu.tbz.ch;FRcfjMZT
maiwenn.curman@edu.tbz.ch;4J3ixRIr
andree.bunner@edu.tbz.ch;LJfXZOMf
ruo.winckles@edu.tbz.ch;AQRAucb7
naeva.buntine@edu.tbz.ch;HsfK6nB9
boerje.dollard@edu.tbz.ch;7fv2pmvK
penelope.gorman@edu.tbz.ch;F1vfWVG2
alois.robelin@edu.tbz.ch;9KaQWQmv
anaelle.tindle@edu.tbz.ch;iJqjZxDX
ye.frears@edu.tbz.ch;x4txxq6H
andree.ovid@edu.tbz.ch;dVgl3dvG
hakan.peat@edu.tbz.ch;FgBeiFEb
andre.januszewski@edu.tbz.ch;bb5sLVgb
annotes.clemmett@edu.tbz.ch;gFEbdtci
pal.lambswood@edu.tbz.ch;qayHFf6M
yao.lenton@edu.tbz.ch;Jw8aVhXB
hakan.boyton@edu.tbz.ch;vKTkiX6k
nelie.forsey@edu.tbz.ch;B9O400Sc
hakan.horche@edu.tbz.ch;Sbu8BGtN
lorene.sinkings@edu.tbz.ch;1G0uy5KI
marie-therese.creddon@edu.tbz.ch;5j17SIHV
berenice.tolworthy@edu.tbz.ch;pFT1T9kg
theresa.land@edu.tbz.ch;vhWWhjxE
marie-therese.gianilli@edu.tbz.ch;CK7eM0Ga
meryl.glew@edu.tbz.ch;i25t9cEg
adele.debling@edu.tbz.ch;VPvsZoxx
anae.metzke@edu.tbz.ch;pUxiUyCv
gaetane.gooden@edu.tbz.ch;f6zTH9HL
laila.bootland@edu.tbz.ch;ckTeklga
maite.helsdon@edu.tbz.ch;9NooXQFp
andree.malley@edu.tbz.ch;eNn3r7gP
pal.simmens@edu.tbz.ch;V5Bq1zW7
maelys.nuccitelli@edu.tbz.ch;RhMTJxGU
dafnee.sibary@edu.tbz.ch;JzM6kmJX
alois.harsnep@edu.tbz.ch;24iwwy31
marie-helene.lacky@edu.tbz.ch;teJi3PuF
mylene.youthed@edu.tbz.ch;d38UMHkd
marie-helene.dehmel@edu.tbz.ch;uYKr4iFN
angele.batman@edu.tbz.ch;8kmhdXWR
melia.younghusband@edu.tbz.ch;IJPbQTXf
eloise.baldi@edu.tbz.ch;ascIeNsJ
illustree.dun@edu.tbz.ch;glAhGXM1
genevieve.late@edu.tbz.ch;4q1QHlHE
celestine.colville@edu.tbz.ch;QbbQo6kD
gwenaelle.scarlon@edu.tbz.ch;C5cvXN5S
regine.boddie@edu.tbz.ch;lgBtADmG
creez.gaughan@edu.tbz.ch;XLoY5Umf
gaia.longford@edu.tbz.ch;6zg0kTrv
mailis.buckby@edu.tbz.ch;W6UAPphs
song.parbrook@edu.tbz.ch;VRt6Uxub
frederique.heddan@edu.tbz.ch;ac7UB4vz
ake.kirtlan@edu.tbz.ch;ZJhst5h2
nelie.runciman@edu.tbz.ch;SOfCtsvV
mailis.cardnell@edu.tbz.ch;BasF6pXl
irene.navarro@edu.tbz.ch;e2BCWMgP
maite.cough@edu.tbz.ch;6dR6Rrk3
anaelle.stocky@edu.tbz.ch;QGvuzbuv
methode.moulder@edu.tbz.ch;lshu1WGA
po.stafford@edu.tbz.ch;o8h71LDs
faites.scraggs@edu.tbz.ch;VzdUTjl4
adelaide.dullard@edu.tbz.ch;zoIxGRVM
desiree.leonard@edu.tbz.ch;H4IlZzdh
geraldine.badgers@edu.tbz.ch;tmTB39CN
ruo.masic@edu.tbz.ch;vjBCi9Hn
aurelie.lieber@edu.tbz.ch;41cdb1Yz
naelle.balcock@edu.tbz.ch;vVSKX2tJ
camelia.elger@edu.tbz.ch;6IeGXmsU
publicite.oakeshott@edu.tbz.ch;tGSGFpPd
cleopatre.fawley@edu.tbz.ch;rveuVR3A
laurene.bruckmann@edu.tbz.ch;XiJ0rYww
rui.haughton@edu.tbz.ch;Hi5WaZLu
asa.ladewig@edu.tbz.ch;5fIhjOVz
gisele.janecek@edu.tbz.ch;LB97DAcq
maily.loveridge@edu.tbz.ch;CZlsYm05
marie-eve.yurkiewicz@edu.tbz.ch;4Ct7mObx
fei.roder@edu.tbz.ch;8Gv9RAoA
edmee.chatburn@edu.tbz.ch;eNcKPqyq
geraldine.darke@edu.tbz.ch;T7vGKXLh
ye.jira@edu.tbz.ch;8mMKth0w
publicite.persent@edu.tbz.ch;Ld2ywrXl
severine.wilcox@edu.tbz.ch;FRR0EwP0
yao.mcclaren@edu.tbz.ch;ZjFK1pFj
theresa.foynes@edu.tbz.ch;YRJw2hQ4
stephanie.isley@edu.tbz.ch;JxEIrbRS
torbjoern.growy@edu.tbz.ch;zuUuCOHW
eloise.tunnadine@edu.tbz.ch;Dw5QUh7t
maeline.cossentine@edu.tbz.ch;k9MadMkh
;5EslfiFm
gaetane.axston@edu.tbz.ch;GQyztawD
aimee.merman@edu.tbz.ch;sa29KcEI
orjan.drivers@edu.tbz.ch;TBDpRkdU
aimee.miroy@edu.tbz.ch;i3auK26L
nelie.glyde@edu.tbz.ch;yhO8TmxM
hakan.kapelhof@edu.tbz.ch;hBloByap
maelyss.cauley@edu.tbz.ch;4OiibBip
elea.vaggs@edu.tbz.ch;QxNbhSxP
maelys.but@edu.tbz.ch;GVK4cWkc
maella.arthurs@edu.tbz.ch;1Z4iim6Y
adele.liebrecht@edu.tbz.ch;plVQOw72
meline.lomasny@edu.tbz.ch;Ix0gjZbA
mediamass.schwant@edu.tbz.ch;dSpJSGjW
leone.saunt@edu.tbz.ch;y8E29RPG
annotes.gouch@edu.tbz.ch;GFT4j3s5
gaetane.bowich@edu.tbz.ch;5vVMZRHh
alizee.strelitzki@edu.tbz.ch;84Ggslre
leone.poile@edu.tbz.ch;sBKnRNaa
amelie.saban@edu.tbz.ch;uHwqQiUE
;d1pkc34R
becassine.keets@edu.tbz.ch;yqukBBaK
celine.million@edu.tbz.ch;hWpurU7k
geraldine.belitz@edu.tbz.ch;gmkXQQMt
salome.mardling@edu.tbz.ch;ePzIbBrf
melia.blakemore@edu.tbz.ch;eIuwSXBp
dafnee.mcaulay@edu.tbz.ch;Dfw2VTLY
garcon.dennett@edu.tbz.ch;23GF1k0P
interessant.lesor@edu.tbz.ch;4jgfJ6UI
annotee.wasbrough@edu.tbz.ch;Zqtc0zMm
asa.ibbeson@edu.tbz.ch;WwtJdEfB
maily.kennealy@edu.tbz.ch;isXLl2rV
ye.seares@edu.tbz.ch;XYoTHVs9
athena.harbron@edu.tbz.ch;7jO2H2Jd
andreanne.portail@edu.tbz.ch;yxYFORLy
goeran.zannelli@edu.tbz.ch;8lUpJST3
gerald.leathlay@edu.tbz.ch;KNdhIAOm
andreanne.chown@edu.tbz.ch;7QRWajUw
esteve.clementel@edu.tbz.ch;AqKYjw03
leone.legan@edu.tbz.ch;dwBMG1i3
maena.pownall@edu.tbz.ch;KqI5qvMM
andree.rettie@edu.tbz.ch;LqT35ovz
ines.kenwrick@edu.tbz.ch;LqPVXIQk
marie-helene.yarnall@edu.tbz.ch;Nidl4ShT
po.martin@edu.tbz.ch;1S6EPq90
ruo.celiz@edu.tbz.ch;8jXsHz9p
po.bissett@edu.tbz.ch;TDreQ4BE
du.swindon@edu.tbz.ch;xC7e0vPv
interessant.gouldthorp@edu.tbz.ch;1fhXpzWd
leandre.lilburn@edu.tbz.ch;zzDNmM4P
bjoern.whales@edu.tbz.ch;l9yR5QRs
interessant.dieton@edu.tbz.ch;xFruLwvb
celestine.redhills@edu.tbz.ch;vohPAmKe
tan.yakovlev@edu.tbz.ch;XDsZuOqI
regine.mcdowell@edu.tbz.ch;IIiCQXul
ju.coysh@edu.tbz.ch;W3ruzXyK
;OXz3BkWJ
frederique.sobey@edu.tbz.ch;7NzBkANM
marie-eve.garstang@edu.tbz.ch;TC9UJ0zB
andre.tapin@edu.tbz.ch;lxqK2P2P
esbjoern.eynon@edu.tbz.ch;WNgxxp2Z
maella.duffy@edu.tbz.ch;wXz6PHDw
leandre.twinning@edu.tbz.ch;QQQDsQTK
mai.whittingham@edu.tbz.ch;3hQnDXGE
rachele.shevelin@edu.tbz.ch;AauQ8FFS
cecile.mcure@edu.tbz.ch;xKsieRfD
marie-eve.yurkevich@edu.tbz.ch;U2xtRMBE
almerinda.paice@edu.tbz.ch;onqRAAEK
rao.howkins@edu.tbz.ch;CIklIMVN
serena.pack@edu.tbz.ch;kgDRT4n8
rebecca.mant@edu.tbz.ch;GWudbQg8
reserves.spitell@edu.tbz.ch;cehC3kF6
garcon.hamfleet@edu.tbz.ch;b9rKYb0z
methode.kerkham@edu.tbz.ch;rNODUpu1
pelagie.camies@edu.tbz.ch;Rye5VlbJ
josephine.macpharlain@edu.tbz.ch;OHsPMKfT
eugenie.mathet@edu.tbz.ch;6CElbePp
gaetane.brangan@edu.tbz.ch;xSrm7XB0
michele.dewbury@edu.tbz.ch;R1AygDCe
eugenie.elcott@edu.tbz.ch;HC6T1oO5
megane.harniman@edu.tbz.ch;pTAMk10u
agnes.cluney@edu.tbz.ch;HXpxAwFq
marie-helene.angear@edu.tbz.ch;h6upcvGz
melia.dolphin@edu.tbz.ch;bujlZv5J
lois.ruseworth@edu.tbz.ch;gRU6NjfT
mailys.ryding@edu.tbz.ch;CKxffnc8
rachele.wulfinger@edu.tbz.ch;NloikaIv
gwenaelle.talton@edu.tbz.ch;9iNsXweX
long.ronchetti@edu.tbz.ch;7j6CG9Ai
styrbjoern.kloska@edu.tbz.ch;1DlGdJqj
len.sudran@edu.tbz.ch;eMMZyfDY
maelle.andrysek@edu.tbz.ch;NIjfRajL
selene.senior@edu.tbz.ch;90lJ1RdD
anais.joskovitch@edu.tbz.ch;qf28qbFP
marie-noel.dally@edu.tbz.ch;wCRUfFvI
marie-helene.laurence@edu.tbz.ch;umY2usHK
camelia.foxon@edu.tbz.ch;l8m1Hc1F
helene.cankett@edu.tbz.ch;Kf2eMzKh
marten.mitchelson@edu.tbz.ch;YhnBAvQT
helena.stirtle@edu.tbz.ch;81KE38TB
leane.barmby@edu.tbz.ch;Hjv0VIOZ
;n3fn4mYv
styrbjoern.proby@edu.tbz.ch;d1WTwNp5
zoe.halse@edu.tbz.ch;37IY1R1w
kuí.drable@edu.tbz.ch;eSRJBfGt
desiree.bamford@edu.tbz.ch;pFkbfAnN
zoe.suller@edu.tbz.ch;9WYc3VCz
marylene.audiss@edu.tbz.ch;ozCeX1W0
adelaide.poznanski@edu.tbz.ch;rKXn2f8L
maella.coleyshaw@edu.tbz.ch;RvBqbWhR
marie-francoise.gelder@edu.tbz.ch;TEFLj8dv
eleonore.chaffyn@edu.tbz.ch;qbUMspi3
celestine.sikorsky@edu.tbz.ch;g4Xvy140
stevina.londsdale@edu.tbz.ch;WUTraQdJ
maiwenn.nevitt@edu.tbz.ch;C6c1I1zo
magdalene.gerrey@edu.tbz.ch;z6Y4xW09
becassine.latimer@edu.tbz.ch;woaq5ipJ
da.lethibridge@edu.tbz.ch;h8L6JEUD
mailys.claige@edu.tbz.ch;8UKejtfv
maena.torbard@edu.tbz.ch;AflSgSeC
solene.lyvon@edu.tbz.ch;n6d4Jd8c
marie-therese.benbrick@edu.tbz.ch;DrJJU1tZ
gerald.edmonson@edu.tbz.ch;kUabvO90
ake.messruther@edu.tbz.ch;R6RJgd7N
men.gosneye@edu.tbz.ch;dlt26rgo
anais.jefferys@edu.tbz.ch;iCgiI34P
publicite.tregale@edu.tbz.ch;9v9AhpKP
maily.santorini@edu.tbz.ch;H4CbXvJ9
ines.pioch@edu.tbz.ch;PcRGHM3W
noemie.marklew@edu.tbz.ch;2vMHiQLS
meghane.maccaffrey@edu.tbz.ch;rcMHb5oj
berangere.ambrogio@edu.tbz.ch;y2oDnfZQ
mediamass.ryce@edu.tbz.ch;ZVXrdmem
osten.ubank@edu.tbz.ch;beVRWO1U
melina.mackee@edu.tbz.ch;KQ6v94rt
theresa.livezey@edu.tbz.ch;FDyU5n8Y
clemence.weal@edu.tbz.ch;BYrs3bt9
faites.overton@edu.tbz.ch;AZFqK5bL
clea.lindblad@edu.tbz.ch;xYqIlwC8
josephine.roseaman@edu.tbz.ch;9N9cM9O5
osten.lowbridge@edu.tbz.ch;AaVy30ye
marie-josee.brion@edu.tbz.ch;NssdcOPY
therese.basili@edu.tbz.ch;cnatIY3L
melia.vertigan@edu.tbz.ch;43qITo6L
judicael.saull@edu.tbz.ch;lQdhKTsS
selene.valentine@edu.tbz.ch;KR4tbNLu
verane.dunlap@edu.tbz.ch;bP5jqmOe
meline.kinnear@edu.tbz.ch;0gXoBKUV
lei.luttgert@edu.tbz.ch;8IDBvCkB
styrbjoern.lathleiffure@edu.tbz.ch;Jla6IJy0
marlene.blasi@edu.tbz.ch;UbKmWM2M
mai.begwell@edu.tbz.ch;x305eOjq
gwenaelle.kaines@edu.tbz.ch;bSAfaZRw
gerald.adamthwaite@edu.tbz.ch;urM8EohU
kuí.hartfield@edu.tbz.ch;J0lgMqgb
salome.currao@edu.tbz.ch;2B7ExHg7
angelique.tixier@edu.tbz.ch;nppS4CUk
ju.mcgragh@edu.tbz.ch;HLW4TCuO
dafnee.beachem@edu.tbz.ch;ECnXyj2H
creez.terlinden@edu.tbz.ch;ZdUBzkGB
uo.mcskeagan@edu.tbz.ch;kv9fVovN
edmee.mccaughren@edu.tbz.ch;oXqlxO0u
asloeg.cozby@edu.tbz.ch;aY4zXnRm
melodie.traite@edu.tbz.ch;OtiYfNrS
dorothee.aindriu@edu.tbz.ch;wTcEbu20
daniele.doley@edu.tbz.ch;fYv4T3FX
mediamass.fairclough@edu.tbz.ch;4thBLyhr
lorene.rainforth@edu.tbz.ch;SLdUGTVG
leonore.eyer@edu.tbz.ch;QnnCirS1
po.spillman@edu.tbz.ch;dX0qB6o6
cecilia.plitz@edu.tbz.ch;Tqeyj9aF
lorene.ludlow@edu.tbz.ch;ekvVTPDY
berangere.neligan@edu.tbz.ch;78hy5Mv5
simplifies.huggan@edu.tbz.ch;549bvkJB
clelia.prandy@edu.tbz.ch;NzHj7Nt9
ake.osban@edu.tbz.ch;IPUGiVO2
cunegonde.brunn@edu.tbz.ch;pb9CJoKO
long.grizard@edu.tbz.ch;XTMBaowr
meghane.diss@edu.tbz.ch;pmqJ83v8
therese.oldman@edu.tbz.ch;miLKDkKt
boerje.scamerdine@edu.tbz.ch;4E4S2R5O
du.saban@edu.tbz.ch;uGkfpK76
hakan.clynmans@edu.tbz.ch;lZlYEuRt
wa.macdowal@edu.tbz.ch;jdjFpCRb
venus.hatrey@edu.tbz.ch;OJGSLuo6
anaelle.vispo@edu.tbz.ch;tsNWL8J3
mahelie.ollcott@edu.tbz.ch;kr00Nguf
mediamass.whyman@edu.tbz.ch;VkSPLe18
esbjoern.basson@edu.tbz.ch;DLJROyqj
andrea.morrill@edu.tbz.ch;4jjjKung
melys.grassi@edu.tbz.ch;hSLfeGlp
leone.poleye@edu.tbz.ch;Ffjx31hL
francoise.penny@edu.tbz.ch;4nDKGbw6
rebecca.edney@edu.tbz.ch;Qf39wx5H
adelaide.murtagh@edu.tbz.ch;a60DHXjj
stevina.winterbourne@edu.tbz.ch;kdlNLLsh
ma.cottom@edu.tbz.ch;YQg1MFxs
tan.harold@edu.tbz.ch;MNjX4pLy
venus.forte@edu.tbz.ch;T0z2TWUQ
;Ubm4Ke6N
cleopatre.brehault@edu.tbz.ch;rfu5LC9O
interessant.lapides@edu.tbz.ch;zXLgGQew
reserves.hallatt@edu.tbz.ch;1YTOSyi9
annotes.birdwhistle@edu.tbz.ch;KuMRWkpJ
aí.dredge@edu.tbz.ch;YyS4TxCh
megane.mussard@edu.tbz.ch;0CKFr4tK
esbjoern.gowrich@edu.tbz.ch;g03nvCVJ
boerje.brislawn@edu.tbz.ch;GbXTrTIC
becassine.wilce@edu.tbz.ch;IpwNe3z1
personnalisee.oels@edu.tbz.ch;fDVURUi5
verane.pett@edu.tbz.ch;8eHgfQiu
marylene.glewe@edu.tbz.ch;vQxLj7fr
lai.elson@edu.tbz.ch;U61TRxWP
;Tnn63Law
lie.espinel@edu.tbz.ch;gAf78XEl
marylene.fantini@edu.tbz.ch;YRnedzyE
andre.archdeckne@edu.tbz.ch;LuOZRnzh
goeran.bohlingolsen@edu.tbz.ch;wA5H9I1b
cunegonde.heffer@edu.tbz.ch;DMaTiikt
tan.fechnie@edu.tbz.ch;R68oyEQy
marie-noel.brammar@edu.tbz.ch;k7g07wYT
simplifies.aven@edu.tbz.ch;Co1qorWu
melys.pinchen@edu.tbz.ch;UoVyaBEC
edmee.joyner@edu.tbz.ch;XwjGK2f0
berengere.edess@edu.tbz.ch;tp13znqP
marie-noel.goward@edu.tbz.ch;JG0KEw94
ju.edmons@edu.tbz.ch;U8KlMq09
frederique.airds@edu.tbz.ch;9jWuIcLv
reserves.dauby@edu.tbz.ch;OLh29zTz
hakan.gynni@edu.tbz.ch;7SvKAz0k
leonore.pinwill@edu.tbz.ch;4Uf6Zy38
marie-eve.mcallan@edu.tbz.ch;8v7FCO0c
naelle.yeabsley@edu.tbz.ch;Wol9OsE1
nelie.jacobovitz@edu.tbz.ch;Td4GcecG
adele.conelly@edu.tbz.ch;cqJrwnd9
clementine.dondon@edu.tbz.ch;byRU9iNW
zhi.willcot@edu.tbz.ch;k6gUb5a5
chloe.janicki@edu.tbz.ch;NqPliWWe
meng.linde@edu.tbz.ch;M0phJhV9
celine.janisson@edu.tbz.ch;NWdQa5Fn
clelia.crow@edu.tbz.ch;yzdDNqWx
cecile.pyott@edu.tbz.ch;Y42sI1la
ma.fidelus@edu.tbz.ch;839fXCgS
marie-helene.poore@edu.tbz.ch;YZjEEJqO
elies.blanket@edu.tbz.ch;21lyBgH7
yu.boyer@edu.tbz.ch;xjSimZcb
celia.welds@edu.tbz.ch;KqLkosqN
du.gunney@edu.tbz.ch;m3Q0S1vg
goerel.crush@edu.tbz.ch;hLtfgirA
marie-josee.brosius@edu.tbz.ch;V6qtHCvE
camelia.adds@edu.tbz.ch;ajpe1d3T
anae.irwin@edu.tbz.ch;qXYgg6tb
cleopatre.skeffington@edu.tbz.ch;eHRX0NM9
gerald.suggate@edu.tbz.ch;0167acCQ
laurene.tailour@edu.tbz.ch;PjgMpQKZ
amelie.hoble@edu.tbz.ch;4XOrPRHb
venus.getch@edu.tbz.ch;93S8Dt8j
renee.treby@edu.tbz.ch;IJMWWvhf
almerinda.stait@edu.tbz.ch;GLJqNLMR
andree.reddecliffe@edu.tbz.ch;NLor21gX
leone.wintle@edu.tbz.ch;zrfmET0p
gerald.fellow@edu.tbz.ch;414Z1SOd
ju.gudger@edu.tbz.ch;dey8mghq
;ofnSHQfb
cleopatre.missington@edu.tbz.ch;U258A3vW
;lMUbk8Q2
gerald.sinisbury@edu.tbz.ch;2XZ1DijT
creez.slora@edu.tbz.ch;wwJLr4oB
gisele.benbow@edu.tbz.ch;FauwwJGZ
pal.dossit@edu.tbz.ch;wovLxTro
nelie.stirrip@edu.tbz.ch;eGdl59nz
;CiKhhcPy
kuí.mcterry@edu.tbz.ch;53mjIaNO
long.willgoss@edu.tbz.ch;SkIhwCtA
francoise.sumpner@edu.tbz.ch;Vs20pkpy
maely.grinstead@edu.tbz.ch;caDp9b6V
creez.langeren@edu.tbz.ch;Pbhn51mF
adele.dungate@edu.tbz.ch;z0gK0uz5
cleopatre.noirel@edu.tbz.ch;nFDcqHRx
interessant.daverin@edu.tbz.ch;nqRLvvyS
naeva.kalderon@edu.tbz.ch;JEEhzu4y
;5HmgtYps
judicael.anelay@edu.tbz.ch;lk8i16TN
eloise.braxton@edu.tbz.ch;93AsqAvg
desiree.greguol@edu.tbz.ch;yZRByDFy
maite.mcclenaghan@edu.tbz.ch;s0awhDOo
meng.doret@edu.tbz.ch;JGG9UAyB
frederique.chippendale@edu.tbz.ch;fxI95P0G
andreanne.lanney@edu.tbz.ch;mlQIqw7N
aurelie.claus@edu.tbz.ch;a15aPSQY
renee.pabel@edu.tbz.ch;DICZ2fe6
maena.roust@edu.tbz.ch;dxhFTwu6
nadege.carwithim@edu.tbz.ch;YTGMw08k
solene.geyton@edu.tbz.ch;HKmsLCRu
dafnee.avraham@edu.tbz.ch;AsVVHB4i
leane.woolvin@edu.tbz.ch;xjp01uHs
adele.macadie@edu.tbz.ch;5l67iK4n
meline.rubica@edu.tbz.ch;f5Pb8iM7
marie-noel.speeding@edu.tbz.ch;AGMcJIfx
nelie.mix@edu.tbz.ch;gDmFOP1b
clea.ollett@edu.tbz.ch;WeA1dB7x
leandre.mcgavin@edu.tbz.ch;urSC7lTh
cecile.behne@edu.tbz.ch;tXSbsJVl
melanie.polle@edu.tbz.ch;rEDGTEIv
marie-josee.titmuss@edu.tbz.ch;tBIoEcHz
helena.guest@edu.tbz.ch;mBhPzBfU
annotes.chicchetto@edu.tbz.ch;RFASCQk1
melia.tubb@edu.tbz.ch;lXBRdjwY
angelique.casetti@edu.tbz.ch;LWzmDCDJ
cunegonde.cleall@edu.tbz.ch;yD5NuTtr
camelia.oaker@edu.tbz.ch;gtRYqlCm
you.searight@edu.tbz.ch;L0GgE4OV
kevina.dederick@edu.tbz.ch;kF10wGgU
milena.jeffrey@edu.tbz.ch;VaDkiicb
melodie.barkshire@edu.tbz.ch;xCw5xSwP
gaelle.kreutzer@edu.tbz.ch;0xofqhYZ
kalliste.kleinpeltz@edu.tbz.ch;Klu8zjkf
clementine.danat@edu.tbz.ch;XRidABoK
andrea.wabb@edu.tbz.ch;qXT0DhtR
geraldine.piesold@edu.tbz.ch;dmGe0Qr8
tan.fiveash@edu.tbz.ch;cZk9ApQj
meline.yuranovev@edu.tbz.ch;Ir4qqTkF
therese.holme@edu.tbz.ch;ZisHET5U
salome.vaney@edu.tbz.ch;igftL2kT
anae.abramson@edu.tbz.ch;nvvxJrDB
kalliste.jimson@edu.tbz.ch;qZzqJ458
selene.yole@edu.tbz.ch;r4NmCxTz
agnes.defraine@edu.tbz.ch;Kw7CIk1H
faites.mccluin@edu.tbz.ch;JZ0YktLz
athena.deme@edu.tbz.ch;jg7E9vkF
daphnee.brigstock@edu.tbz.ch;KeSQkFyE
goesta.skaif@edu.tbz.ch;h4j5lXlv
oceane.jagoe@edu.tbz.ch;qXwgAOkP
annotes.broomhall@edu.tbz.ch;eBRvSFLc
marie-eve.ballendine@edu.tbz.ch;Z0MjmJkd
melina.spykings@edu.tbz.ch;1dZBvPcr
laurene.ticehurst@edu.tbz.ch;fayygVyu
fei.avramovic@edu.tbz.ch;xFftEdU0
publicite.strathearn@edu.tbz.ch;kMNw0Jgu
torbjoern.garrow@edu.tbz.ch;Cw4rv9wo
chloe.rubinsztein@edu.tbz.ch;BgROkgwm
mylene.demanche@edu.tbz.ch;z8fAhHKM
mediamass.godlonton@edu.tbz.ch;3bc9dtbi
renee.shurrocks@edu.tbz.ch;CI3bdwUF
maiwenn.jedras@edu.tbz.ch;j8hWU2aN
genevieve.castells@edu.tbz.ch;Dd2qHTv9
renee.sneden@edu.tbz.ch;5AAI2P50
lai.mccallion@edu.tbz.ch;bfGTyu97
kevina.impleton@edu.tbz.ch;a8X9uUae
osten.fresson@edu.tbz.ch;q3ll8Uk7
verane.shawley@edu.tbz.ch;Kj04TyUi
uo.sjostrom@edu.tbz.ch;jcJcRFXw
gisele.gothup@edu.tbz.ch;CyvLKywA
renee.beauman@edu.tbz.ch;Zk2N46eR
elies.loton@edu.tbz.ch;lERXRgS1
valerie.elsmore@edu.tbz.ch;SpOT0UGk
;P3LXDbfD
bjoern.schimke@edu.tbz.ch;FEMPuUev
loic.ericssen@edu.tbz.ch;BO6qK284
creez.richarz@edu.tbz.ch;1DNfqKEY
athena.grocott@edu.tbz.ch;JMP6v14L
naelle.piotr@edu.tbz.ch;la609L4I
maella.paulson@edu.tbz.ch;5Is5wYsS
song.perot@edu.tbz.ch;MKl9Rb6p
kalliste.heckney@edu.tbz.ch;YoY4UGGK
ake.vasyutkin@edu.tbz.ch;54faLi2s
ma.castles@edu.tbz.ch;ZvtjaHyF
maely.monget@edu.tbz.ch;YeWea9c4
tang.durbridge@edu.tbz.ch;AaBs8OoP
laurene.andrew@edu.tbz.ch;CzLJm5W8
lysea.beacon@edu.tbz.ch;t807Oz4e
leandre.peyntue@edu.tbz.ch;92hQBouh
rao.trever@edu.tbz.ch;z6Hxu07B
mahelie.streader@edu.tbz.ch;hG7ZbTJV
maerta.andrejevic@edu.tbz.ch;ERub7HaU
goesta.tompkins@edu.tbz.ch;GlgmZU2A
helena.agates@edu.tbz.ch;oBYhT0t7
therese.glass@edu.tbz.ch;nPcZACZF
alois.foan@edu.tbz.ch;eXJMPZSY
becassine.melchior@edu.tbz.ch;YcXQHDOY
cloe.robart@edu.tbz.ch;VRIcc1CN
daniele.puckinghorne@edu.tbz.ch;NHJ5Z4Xi
selene.cammidge@edu.tbz.ch;VhPczhmw
regine.conochie@edu.tbz.ch;pIBsRkDK
interessant.tuiller@edu.tbz.ch;bfBdG5mq
long.tiebe@edu.tbz.ch;Vh1Vy0G5
mans.yele@edu.tbz.ch;CWSXD78b
aí.giles@edu.tbz.ch;8xAqGg3u
gaetane.hamberston@edu.tbz.ch;UOlMIk3l
marylene.fenix@edu.tbz.ch;u0OPlWPF
geraldine.graeme@edu.tbz.ch;EwPoSQA8
tang.kinglake@edu.tbz.ch;JB3l8mE4
lai.challoner@edu.tbz.ch;krevnAFq
desiree.mattei@edu.tbz.ch;R43NV1uR
ake.erley@edu.tbz.ch;bd26H55N
edmee.cavil@edu.tbz.ch;myRbfAAn
alois.moyes@edu.tbz.ch;8mZpvQpu
becassine.pitman@edu.tbz.ch;6kZqcJRs
aí.giacovelli@edu.tbz.ch;0j0cpiol
judicael.fruchter@edu.tbz.ch;zEYo6kZL
mans.mogg@edu.tbz.ch;y6M0UTUQ
gerald.foyle@edu.tbz.ch;712JCLoV
wa.androletti@edu.tbz.ch;jEDcO8Am
meng.ollett@edu.tbz.ch;ok4cYRRo
naelle.macmenamy@edu.tbz.ch;ToVzLo26
gisele.mcramsey@edu.tbz.ch;qYRI6uJ9
meryl.scolts@edu.tbz.ch;X2UrKIdQ
celia.bloxsome@edu.tbz.ch;S8BwTqx6
styrbjoern.stuke@edu.tbz.ch;8BhoMJ9A
felicie.gwilliam@edu.tbz.ch;8gxXGyJj
da.harms@edu.tbz.ch;q7DDRFaP
celestine.baulk@edu.tbz.ch;TGadJ1g1
mahelie.blackledge@edu.tbz.ch;gSuw6UjR
meghane.salt@edu.tbz.ch;FOa9Aq49
methode.paxeford@edu.tbz.ch;K8oMKHMz
asloeg.milligan@edu.tbz.ch;1OI4Rrp5
you.pellman@edu.tbz.ch;r0HTKQVr
loic.regenhardt@edu.tbz.ch;xqUEPkbg
daniele.savill@edu.tbz.ch;FPyHhT3v
alois.cornu@edu.tbz.ch;yNBzUhu8
osten.govey@edu.tbz.ch;0X5x5OlZ
marie-eve.louch@edu.tbz.ch;jWCJbBtT
theresa.wenn@edu.tbz.ch;KDwdLqAn
andree.eul@edu.tbz.ch;JCmpAvqt
lie.paynton@edu.tbz.ch;ybpAMHin
marie-eve.girodier@edu.tbz.ch;m9hMuKvJ
marie-noel.smithe@edu.tbz.ch;nXz2d0CN
men.bootyman@edu.tbz.ch;lsH6TOMu
ku.sugg@edu.tbz.ch;LAQE2QE1
lucrece.roseman@edu.tbz.ch;quA5YzUI
zoe.annear@edu.tbz.ch;lEwdtBXY
marie-helene.rennebach@edu.tbz.ch;WrSKyffe
lea.djurdjevic@edu.tbz.ch;ygs75EJN
goerel.robert@edu.tbz.ch;X4G7hM4T
mylene.foldes@edu.tbz.ch;3woELgCV
faites.clegg@edu.tbz.ch;zu178DFv
marylene.crowcher@edu.tbz.ch;U8ZlCJTs
aimee.wimpeney@edu.tbz.ch;qvYZjIrB
renee.atkins@edu.tbz.ch;z8nCXQME
rejane.cainey@edu.tbz.ch;wBKnUzpc
solene.britney@edu.tbz.ch;MFt8SAwy
marten.shatliffe@edu.tbz.ch;1CEwAl6D
maite.issatt@edu.tbz.ch;nlUgUhkF
maelyss.edon@edu.tbz.ch;ofjMIa0z
nuo.bamling@edu.tbz.ch;t2YZaP3Z
anais.edards@edu.tbz.ch;ZcelYTvO
mediamass.bromet@edu.tbz.ch;3WpCDxS3
beatrice.kimbrey@edu.tbz.ch;TpuYj5oe
ines.lawranson@edu.tbz.ch;ksrTGtXw
kalliste.scandroot@edu.tbz.ch;sd2domz2
mans.barrowcliffe@edu.tbz.ch;5Bj4RU4t
irene.couves@edu.tbz.ch;n8mPi9Gp
milena.mucci@edu.tbz.ch;c8fIb4zV
naeva.cow@edu.tbz.ch;ZegMVrUz
audreanne.mournian@edu.tbz.ch;BuIEij7i
melia.sinnatt@edu.tbz.ch;R22KuMFd
nelie.burnard@edu.tbz.ch;nAvSADY7
clelia.ashfull@edu.tbz.ch;Y93fWcfY
lie.macard@edu.tbz.ch;lo5VXhQE
valerie.matoshin@edu.tbz.ch;rJaxjoY6
anael.hatherleigh@edu.tbz.ch;K0gHGyFC
interessant.warratt@edu.tbz.ch;NpSx6Kzz
eleonore.volage@edu.tbz.ch;cvnzxjjR
zoe.stebbing@edu.tbz.ch;bD2PMEn8
alizee.nye@edu.tbz.ch;EsPdOXIb
celestine.bramley@edu.tbz.ch;JKuMVpw2
selene.philcott@edu.tbz.ch;uV3IMAni
tang.newens@edu.tbz.ch;9E30m4UF
annotes.powys@edu.tbz.ch;awPO9jsP
lea.matthesius@edu.tbz.ch;5wvbIHeL
illustree.garlett@edu.tbz.ch;rHsxHAP6
maiwenn.meachem@edu.tbz.ch;5TqWgRpQ
marie-francoise.mcbrady@edu.tbz.ch;fQu7dOXX
illustree.gimbart@edu.tbz.ch;KkXPMn3h
melys.lyosik@edu.tbz.ch;OGrhjLiH
marylene.mcnab@edu.tbz.ch;1cAPslek
gerald.blount@edu.tbz.ch;H0rWhfhF
clelia.shakelade@edu.tbz.ch;VZkyZKIa
penelope.cridlin@edu.tbz.ch;57rMvxTB
;J1RLoD3w
athena.keynd@edu.tbz.ch;s2LEXc8A
cloe.dwine@edu.tbz.ch;D0rBfW2l
josephine.browett@edu.tbz.ch;g76PhfBO
;fketKRNP
fei.jeanequin@edu.tbz.ch;MDTx3JVo
lois.gormally@edu.tbz.ch;KInLPeGO
marie-francoise.finnigan@edu.tbz.ch;43pn22Nd
leonore.trussman@edu.tbz.ch;YvGGH8KV
anaelle.trumper@edu.tbz.ch;kDvnVfAc
clemence.dionis@edu.tbz.ch;HYYkC4L9
lois.tranmer@edu.tbz.ch;y5VAIHgL
interessant.volett@edu.tbz.ch;W67DbfjZ
personnalisee.deackes@edu.tbz.ch;RZjfdhXR
lie.vasiliu@edu.tbz.ch;Fn3X2x66
dafnee.lamputt@edu.tbz.ch;xlFokoMn
elies.bromige@edu.tbz.ch;jzZAbGCI
helena.klosser@edu.tbz.ch;PfId8lWF
andree.grim@edu.tbz.ch;MHSztahn
verane.coldbath@edu.tbz.ch;pBwBlnVC
helena.bethell@edu.tbz.ch;LugNbQ8g
kalliste.carefull@edu.tbz.ch;P70GGaOz
regine.odams@edu.tbz.ch;p3KRXBnU
len.stannus@edu.tbz.ch;k7ewofYI
angelique.works@edu.tbz.ch;94aqmVge
goesta.rheaume@edu.tbz.ch;RyYvioFO
maelys.tynnan@edu.tbz.ch;icLOpSfP
maelle.carlesi@edu.tbz.ch;bXMvYeDm
anael.spurden@edu.tbz.ch;mKstL6tL
helene.pumfrett@edu.tbz.ch;IJE1ywyp
goerel.pearn@edu.tbz.ch;mdgeW1C1
;7sdaFsKF
yao.twidale@edu.tbz.ch;YiLh5dUR
berengere.sola@edu.tbz.ch;rYLbBHWK
maelann.hardistry@edu.tbz.ch;lIiZtgwg
severine.littlefield@edu.tbz.ch;VEH3RLvS
salome.heinl@edu.tbz.ch;WAR3GN6W
meryl.warbey@edu.tbz.ch;yzdTQPCJ
da.hunstone@edu.tbz.ch;eEnNz9ZR
venus.broadbury@edu.tbz.ch;0DSHEvim
meghane.rentelll@edu.tbz.ch;CIynTZeG
marylene.drewitt@edu.tbz.ch;bpdB8rnW
melinda.jacquemet@edu.tbz.ch;o61td2to
marie-josee.keyden@edu.tbz.ch;H9kFGEa8
asloeg.montacute@edu.tbz.ch;JQQCB9og
ku.andreou@edu.tbz.ch;jqiToFAM
personnalisee.feaveer@edu.tbz.ch;apiarbeE
laila.emptage@edu.tbz.ch;vfGRCFNS
bjoern.dawdry@edu.tbz.ch;Qty5NxtI
marie-eve.dinsell@edu.tbz.ch;AcTTgXRo
helene.follett@edu.tbz.ch;ZjrUwrQc
penelope.cordero@edu.tbz.ch;QLtMOnSo
boerje.beedell@edu.tbz.ch;cXLYQzqt
nelie.ferne@edu.tbz.ch;0kAUOTxS
celine.ahmed@edu.tbz.ch;SDy0FGgy
stevina.pimblett@edu.tbz.ch;sZzagyZ9
chloe.langlands@edu.tbz.ch;TmQDpCdS
simplifies.maude@edu.tbz.ch;HBZ9ZXWb
;7rk49Oi8
marylene.mughal@edu.tbz.ch;EqWNs7ap
goeran.guttridge@edu.tbz.ch;nxyRe7fJ
michele.smurfitt@edu.tbz.ch;Pf0vQHt2
methode.hadeke@edu.tbz.ch;nhLg9j9H
therese.rispine@edu.tbz.ch;SHIjpGGO
goerel.plumley@edu.tbz.ch;gl5EEsY5
oceane.friett@edu.tbz.ch;RBvKrbFL
marie-noel.achromov@edu.tbz.ch;Z3kQ2S1y
dorothee.storek@edu.tbz.ch;DAIkV07m
goesta.whittle@edu.tbz.ch;SPArKatL
desiree.casely@edu.tbz.ch;le1hgf3O
felicie.condon@edu.tbz.ch;8IaXA064
maelyss.frisdick@edu.tbz.ch;K7kuofwU
aimee.banke@edu.tbz.ch;wy7vzeLr
naeva.hodcroft@edu.tbz.ch;oa6H5RU6
laila.gerrans@edu.tbz.ch;fUWUtLUg
daniele.scrimshire@edu.tbz.ch;jZC3GvVM
daphnee.sheerin@edu.tbz.ch;CEZNleOi
pal.vanyukov@edu.tbz.ch;Kl2T4pd8
zoe.childs@edu.tbz.ch;3x7FBROJ
aí.corde@edu.tbz.ch;fNxLKwnJ
maelys.berryann@edu.tbz.ch;4G83DJii
cloe.gladding@edu.tbz.ch;XL9T0xts
wa.kinnaird@edu.tbz.ch;eSF8x8fv
publicite.brittoner@edu.tbz.ch;zUQrUiuF
rao.windress@edu.tbz.ch;kncw8u3q
uo.kollach@edu.tbz.ch;61O6s4oj
josee.peskett@edu.tbz.ch;8AoHmtvX
annotee.hasel@edu.tbz.ch;Q77Bqh6n
cinema.lee@edu.tbz.ch;MhPGbe7h
lai.vedeshkin@edu.tbz.ch;ULim8y7a
renee.brisbane@edu.tbz.ch;LjaDeBd0
ophelie.blincoe@edu.tbz.ch;k9dMsG3C
zhi.prazor@edu.tbz.ch;GFgojU3n
annotee.maddicks@edu.tbz.ch;0yjQava5
maelyss.codd@edu.tbz.ch;TIz9m9iS
celia.peplay@edu.tbz.ch;APxT5yz7
interessant.skone@edu.tbz.ch;3HXbJrJL
audreanne.hebdon@edu.tbz.ch;32OIywcF
oceane.glen@edu.tbz.ch;tIjvLJ3s
daniele.vanyushkin@edu.tbz.ch;3WhingWF
daphnee.ayce@edu.tbz.ch;yZjL1sNx
andrea.attride@edu.tbz.ch;lkaf1MaP
penelope.bridgwood@edu.tbz.ch;ypZCJyhx
mailis.drewitt@edu.tbz.ch;KQ0w6Fma
penelope.mollene@edu.tbz.ch;y7PTsyaH
illustree.keely@edu.tbz.ch;HYRW61dX
meng.brisseau@edu.tbz.ch;QH4FqT4j
ruo.cleiment@edu.tbz.ch;d1Esqaj8
maite.krammer@edu.tbz.ch;3RdmrcBr
genevieve.verry@edu.tbz.ch;dQgvulkz
;rQaqWJf4
naelle.brunnen@edu.tbz.ch;ghznoRNS
goesta.bragginton@edu.tbz.ch;WsNf4lSk
fei.danilyuk@edu.tbz.ch;vgWAyXke
adelie.turbitt@edu.tbz.ch;jYCcgYuG
marylene.nutman@edu.tbz.ch;bdsSkh7H
therese.barbrick@edu.tbz.ch;habEqyAX
melys.kolodziej@edu.tbz.ch;d9RcePIK
melanie.runchman@edu.tbz.ch;ryZKsBpw
serena.lafond@edu.tbz.ch;dYfZbAo8
pelagie.desmond@edu.tbz.ch;KQPlwWZB
wa.spickett@edu.tbz.ch;2c3MoTlL
po.shave@edu.tbz.ch;IJ3uUe6b
song.huikerby@edu.tbz.ch;30T115hT
melinda.bimson@edu.tbz.ch;Zg7tEOAM
personnalisee.toffanelli@edu.tbz.ch;KJcVdUqS
leandre.hurn@edu.tbz.ch;A1XE5SYf
osten.standell@edu.tbz.ch;MVLUb6K7
naelle.smaleman@edu.tbz.ch;2ZLBpo2Y
berenice.tayt@edu.tbz.ch;LQey7a9J
kuí.popplewell@edu.tbz.ch;QfRD0X3S
melodie.ferandez@edu.tbz.ch;XAFUAPbO
josee.negal@edu.tbz.ch;AOi6hnmE
melissandre.ferrelli@edu.tbz.ch;lzcrBMDN
josephine.kemmer@edu.tbz.ch;JsxikS8p
maely.cayette@edu.tbz.ch;m83ooEYT
nelie.vela@edu.tbz.ch;9JZWpmGo
melina.cortes@edu.tbz.ch;wmg29HBj
megane.leyshon@edu.tbz.ch;Z7fmyknP
regine.harrie@edu.tbz.ch;4JBaXIz9
mylene.widdison@edu.tbz.ch;ftoSOsKl
pelagie.vivash@edu.tbz.ch;RTNXlYbw
styrbjoern.vicarey@edu.tbz.ch;NVzEVXPk
long.kyles@edu.tbz.ch;ra2yUgOy
stephanie.gipps@edu.tbz.ch;MX5n9Vo4
clea.constantine@edu.tbz.ch;twMUZdlO
maella.cometto@edu.tbz.ch;OMs8n7ZX
laila.aubrun@edu.tbz.ch;MouJZBRt
yao.austins@edu.tbz.ch;BPYd6cOv
mailys.rylstone@edu.tbz.ch;nwDNhusq
adelie.curuclis@edu.tbz.ch;PIpA17uR
celine.longhurst@edu.tbz.ch;iCPdGZnd
gisele.hazell@edu.tbz.ch;ba80rlJK
celestine.ciccone@edu.tbz.ch;p61vmzWf
maelyss.doole@edu.tbz.ch;o9cAr4uF
helene.grimsdike@edu.tbz.ch;ZRZAAVcN
lie.macer@edu.tbz.ch;COURp3tj
maely.izard@edu.tbz.ch;FN2pTuuK
erwei.breewood@edu.tbz.ch;F9sd1noN
chloe.woolford@edu.tbz.ch;QYG5epNn
cleopatre.turpin@edu.tbz.ch;MxyTtdBT
melodie.surgison@edu.tbz.ch;MPw70ZKJ
elies.leander@edu.tbz.ch;Z9gSKtP5
mediamass.reignould@edu.tbz.ch;lkctqdhE
celestine.wasmuth@edu.tbz.ch;o3McUJMK
marten.jervis@edu.tbz.ch;UyQ2z9Zo
daphnee.bour@edu.tbz.ch;nC7Ypfgw
regine.harlett@edu.tbz.ch;CKS4pg2G
noemie.macaskie@edu.tbz.ch;gp93sMBK
loic.renfield@edu.tbz.ch;IGA2YOos
venus.kleinert@edu.tbz.ch;uXDnMrnd
marten.burlay@edu.tbz.ch;129uhRxm
berengere.radsdale@edu.tbz.ch;G1qOgsuA
genevieve.duckit@edu.tbz.ch;X3IUzaJj
maely.ligerton@edu.tbz.ch;SSlZQ6Pl
maeline.ricciardelli@edu.tbz.ch;4JsI57Tp
personnalisee.yggo@edu.tbz.ch;VEhY3TPY
alizee.pettinger@edu.tbz.ch;iIzZYsf0
desiree.curnnokk@edu.tbz.ch;lPVC8HrV
dorothee.minors@edu.tbz.ch;atY9BQVZ
oceanne.kopmann@edu.tbz.ch;NX70wcmB
almerinda.brodbin@edu.tbz.ch;Fzz9LrZX
yenora.carsberg@edu.tbz.ch;hq3mN0uF
wa.beetles@edu.tbz.ch;OZf7w37w
audreanne.abbot@edu.tbz.ch;IyjaOg0l
noemie.capper@edu.tbz.ch;VYZbjaj7
mans.abramamov@edu.tbz.ch;5QL4ySVX
audreanne.blakey@edu.tbz.ch;lN4R8pIy
leone.klimpke@edu.tbz.ch;hQ2CuwbI
lie.croston@edu.tbz.ch;966gJ1uk
anaelle.baistow@edu.tbz.ch;EV84y9pw
michele.garwood@edu.tbz.ch;KncxnqeR
interessant.albion@edu.tbz.ch;VjgppY8P
andre.brisco@edu.tbz.ch;RyXtKJTU
tang.totterdill@edu.tbz.ch;1QHCl8JW
marie-josee.braundt@edu.tbz.ch;JtI87LDt
lois.galer@edu.tbz.ch;zQwDeDnQ
faites.pellamonuten@edu.tbz.ch;rAmozTdl
mai.barfford@edu.tbz.ch;s6oF0lSZ
laurene.macilory@edu.tbz.ch;VUsEkmf8
elea.peak@edu.tbz.ch;07kXOgdI
rejane.doni@edu.tbz.ch;auIu38H2
mahelie.ector@edu.tbz.ch;LCpacHI0
rachele.allum@edu.tbz.ch;F6J9Kojk
laila.gerretsen@edu.tbz.ch;nnzRc8IV
ines.bowman@edu.tbz.ch;swgnrejQ
publicite.barbary@edu.tbz.ch;GdnIweGz
mailys.smooth@edu.tbz.ch;uJlhLT4z
mailis.huguenet@edu.tbz.ch;fpDsSIRy
lea.ewer@edu.tbz.ch;EgpyMoT5
